INSERT INTO `categorie` (`id`, `nome`) VALUES (1, 'Gin');
INSERT INTO `categorie` (`id`, `nome`) VALUES (2, 'Liquore');
INSERT INTO `categorie` (`id`, `nome`) VALUES (3, 'Vino Fortificato');
INSERT INTO `categorie` (`id`, `nome`) VALUES (4, 'Whisky');
INSERT INTO `categorie` (`id`, `nome`) VALUES (5, 'Grappa');
INSERT INTO `categorie` (`id`, `nome`) VALUES (6, 'Vino Rosso');
INSERT INTO `categorie` (`id`, `nome`) VALUES (7, 'Vino Bianco');
INSERT INTO `categorie` (`id`, `nome`) VALUES (8, 'Vodka');
INSERT INTO `categorie` (`id`, `nome`) VALUES (9, 'Rum');
INSERT INTO `categorie` (`id`, `nome`) VALUES (10, 'Spumante');
INSERT INTO `categorie` (`id`, `nome`) VALUES (11, 'Champagne');
INSERT INTO `categorie` (`id`, `nome`) VALUES (12, 'Brandy');
INSERT INTO `categorie` (`id`, `nome`) VALUES (13, 'Passito');
INSERT INTO `categorie` (`id`, `nome`) VALUES (14, 'Tequila');

INSERT INTO `users` (`id`, `nome`, `cognome`, `email`, `password`, `telefono`) VALUES (1, 'Armand', 'Stehr', 'brendon66@example.net', '2d622a7a71ad85baacd1a18e56e741a06b589bf2', '1-794-200-8436x57134');
INSERT INTO `users` (`id`, `nome`, `cognome`, `email`, `password`, `telefono`) VALUES (2, 'Judy', 'Kunze', 'ahmad.ratke@example.net', '7dd4ec7735cd539b9f1ec645feaa2e7272d02d24', '441-990-9675x233');
INSERT INTO `users` (`id`, `nome`, `cognome`, `email`, `password`, `telefono`) VALUES (3, 'Steve', 'Hodkiewicz', 'qparker@example.org', 'ce37ec3809a9fb5c74dedff9ecde883382921716', '023-044-8841');
INSERT INTO `users` (`id`, `nome`, `cognome`, `email`, `password`, `telefono`) VALUES (4, 'Claire', 'Mayert', 'jayden.emard@example.net', 'f0378ac91700d50ec52d8a2086de641fb33a3800', '(468)455-4609x2612');
INSERT INTO `users` (`id`, `nome`, `cognome`, `email`, `password`, `telefono`) VALUES (5, 'Willie', 'Rodriguez', 'dora87@example.com', '0d7eb6898f5922df969fee2b1e5f1f77b8c4d8ab', '425-440-8619x37639');
INSERT INTO `users` (`id`, `nome`, `cognome`, `email`, `password`, `telefono`) VALUES (6, 'Vito', 'Stoltenberg', 'sheila15@example.com', '5588699999bf75525e0adfee286de90af35fbff0', '1-126-546-4313');
INSERT INTO `users` (`id`, `nome`, `cognome`, `email`, `password`, `telefono`) VALUES (7, 'Abdiel', 'Hane', 'hermann.sienna@example.org', '886157da70cccc12f1fa29ddfb639b585affaf0f', '463-201-8877x728');
INSERT INTO `users` (`id`, `nome`, `cognome`, `email`, `password`, `telefono`) VALUES (8, 'Gonzalo', 'Beer', 'carroll63@example.com', '340fa0abcad3144f0dd5deb1342540c22e3b1ed3', '06392632075');
INSERT INTO `users` (`id`, `nome`, `cognome`, `email`, `password`, `telefono`) VALUES (9, 'Blanca', 'Funk', 'heaney.lyda@example.org', 'f8e2f74a2b0f3ae8919e89478de0237f01633b80', '984.801.2279x880');
INSERT INTO `users` (`id`, `nome`, `cognome`, `email`, `password`, `telefono`) VALUES (10, 'Joanne', 'Parisian', 'kaylin04@example.net', 'e5bbce21531520f7594a776b9256d47ca6bf1d86', '(244)643-1665x454');
INSERT INTO `users` (`id`, `nome`, `cognome`, `email`, `password`, `telefono`) VALUES (11, 'Jonathon', 'Baumbach', 'drew.cartwright@example.org', '7c5e77139e5ab20df9bb150dbc92749116ee11ba', '(880)655-1888x8452');
INSERT INTO `users` (`id`, `nome`, `cognome`, `email`, `password`, `telefono`) VALUES (12, 'Macie', 'Bosco', 'melba.vandervort@example.org', 'e17a3c477e86bd0b9ee2b3e32fa05be57cb2b422', '391.886.5951');
INSERT INTO `users` (`id`, `nome`, `cognome`, `email`, `password`, `telefono`) VALUES (13, 'Alberto', 'Corkery', 'erica18@example.com', 'ce57052126b6d18cf1042f35ac6e1326fe7b11c7', '699-831-4929x6259');
INSERT INTO `users` (`id`, `nome`, `cognome`, `email`, `password`, `telefono`) VALUES (14, 'Fiona', 'Anderson', 'federico31@example.net', 'f23aeb15a533462271802f540955e17a6bcb9b4b', '874.239.4490x1916');
INSERT INTO `users` (`id`, `nome`, `cognome`, `email`, `password`, `telefono`) VALUES (15, 'Mervin', 'Legros', 'sawayn.winifred@example.org', 'c6d8c12d6a4646f4fc621c97ea617460616f1b87', '086.640.8319x6763');
INSERT INTO `users` (`id`, `nome`, `cognome`, `email`, `password`, `telefono`) VALUES (16, 'Karine', 'Walker', 'ethelyn91@example.com', '9db56b1711d4341b43b93db4a9c65b339d69d9b9', '951-185-8914x638');
INSERT INTO `users` (`id`, `nome`, `cognome`, `email`, `password`, `telefono`) VALUES (17, 'Mable', 'Schinner', 'twaelchi@example.net', 'd91c4613adfb79c497d15ea6eb1965156151dad1', '939.504.7097x53722');
INSERT INTO `users` (`id`, `nome`, `cognome`, `email`, `password`, `telefono`) VALUES (18, 'Esther', 'Kertzmann', 'shaun.grimes@example.org', 'e74c0ca9c41b1f1eb43185c903d478bc13d60e10', '239.110.6947x796');
INSERT INTO `users` (`id`, `nome`, `cognome`, `email`, `password`, `telefono`) VALUES (19, 'Danielle', 'Sauer', 'leonora88@example.com', 'c94135a24ef228dd18ce078f3a0e11ab2d225ea7', '836.710.9153x4185');
INSERT INTO `users` (`id`, `nome`, `cognome`, `email`, `password`, `telefono`) VALUES (20, 'Wyatt', 'Halvorson', 'rahsaan03@example.org', 'c6403c06c15a8d1fdcdc466155bef24c47f4a38a', '09971329191');

INSERT INTO `provenienze` (`id`, `nazione`, `regione`) VALUES (1, 'Italia', 'Puglia');
INSERT INTO `provenienze` (`id`, `nazione`, `regione`) VALUES (2, 'Italia', 'Lombardia');
INSERT INTO `provenienze` (`id`, `nazione`, `regione`) VALUES (3, 'Italia', 'Friuli Venezia Giulia');
INSERT INTO `provenienze` (`id`, `nazione`, `regione`) VALUES (4, 'Italia', 'Basilicata');
INSERT INTO `provenienze` (`id`, `nazione`, `regione`) VALUES (5, 'Italia', 'Campania');
INSERT INTO `provenienze` (`id`, `nazione`, `regione`) VALUES (6, 'Italia', 'Abruzzo');
INSERT INTO `provenienze` (`id`, `nazione`, `regione`) VALUES (7, 'Italia', 'Lazio');
INSERT INTO `provenienze` (`id`, `nazione`, `regione`) VALUES (8, 'Italia', 'Piemonte');
INSERT INTO `provenienze` (`id`, `nazione`, `regione`) VALUES (9, 'Italia', 'Emilia-Romagna');
INSERT INTO `provenienze` (`id`, `nazione`, `regione`) VALUES (10, 'Italia', 'Sardegna');
INSERT INTO `provenienze` (`id`, `nazione`, `regione`) VALUES (11, 'Italia', 'Umbria');
INSERT INTO `provenienze` (`id`, `nazione`, `regione`) VALUES (12, 'Italia', 'Calabria');
INSERT INTO `provenienze` (`id`, `nazione`, `regione`) VALUES (13, 'Italia', 'Liguria');
INSERT INTO `provenienze` (`id`, `nazione`, `regione`) VALUES (14, 'Italia', 'Marche');
INSERT INTO `provenienze` (`id`, `nazione`, `regione`) VALUES (15, 'Italia', 'Trentino-Alto Adige');
INSERT INTO `provenienze` (`id`, `nazione`, `regione`) VALUES (16, 'Italia', 'Valle d\'Aosta');
INSERT INTO `provenienze` (`id`, `nazione`, `regione`) VALUES (17, 'Italia', 'Veneto');
INSERT INTO `provenienze` (`id`, `nazione`, `regione`) VALUES (18, 'Italia', 'Toscana');
INSERT INTO `provenienze` (`id`, `nazione`, `regione`) VALUES (19, 'Italia', 'Sicilia');
INSERT INTO `provenienze` (`id`, `nazione`, `regione`) VALUES (20, 'Italia', 'Molise');

INSERT INTO `produttori` (`id`, `ragione_sociale`, `partita_iva`, `provenienza`, `telefono`, `email`, `sito_web`) VALUES (1, 'Lockman, Gaylord and Grady', '71664751077', 'Italia', '956-430-1150x943', 'tyreek.goodwin@example.com', 'http://www.lindwolff.net/');
INSERT INTO `produttori` (`id`, `ragione_sociale`, `partita_iva`, `provenienza`, `telefono`, `email`, `sito_web`) VALUES (2, 'Macejkovic-Mueller', '59710365323', 'Italia', '098.544.8439', 'jerde.madalyn@example.com', 'http://www.kshlerin.biz/');
INSERT INTO `produttori` (`id`, `ragione_sociale`, `partita_iva`, `provenienza`, `telefono`, `email`, `sito_web`) VALUES (3, 'Leannon-Mohr', '39233746178', 'Italia', '1-822-567-1214', 'minerva.murray@example.net', 'http://www.bergnaumbeahan.net/');
INSERT INTO `produttori` (`id`, `ragione_sociale`, `partita_iva`, `provenienza`, `telefono`, `email`, `sito_web`) VALUES (4, 'Volkman Group', '73719847989', 'Italia', '1-740-889-0211', 'considine.julie@example.org', 'http://www.wilkinson.biz/');
INSERT INTO `produttori` (`id`, `ragione_sociale`, `partita_iva`, `provenienza`, `telefono`, `email`, `sito_web`) VALUES (5, 'Pagac Ltd', '09487758254', 'Italia', '022.957.3873x756', 'isaias.paucek@example.com', 'http://www.koelpinfadel.biz/');
INSERT INTO `produttori` (`id`, `ragione_sociale`, `partita_iva`, `provenienza`, `telefono`, `email`, `sito_web`) VALUES (6, 'Ankunding-Steuber', '65220540862', 'Italia', '(047)171-3080x08713', 'mills.samanta@example.com', 'http://crist.com/');
INSERT INTO `produttori` (`id`, `ragione_sociale`, `partita_iva`, `provenienza`, `telefono`, `email`, `sito_web`) VALUES (7, 'Bergstrom-Klein', '70647038303', 'Italia', '06431514396', 'audreanne30@example.net', 'http://tremblay.org/');
INSERT INTO `produttori` (`id`, `ragione_sociale`, `partita_iva`, `provenienza`, `telefono`, `email`, `sito_web`) VALUES (8, 'Bosco, Champlin and Russel', '62138554459', 'Italia', '1-344-573-3846', 'stracke.courtney@example.com', 'http://www.gislason.com/');
INSERT INTO `produttori` (`id`, `ragione_sociale`, `partita_iva`, `provenienza`, `telefono`, `email`, `sito_web`) VALUES (9, 'Haag and Sons', '80018171205', 'Italia', '(997)964-3509', 'terence.white@example.com', 'http://www.jaskolskiledner.info/');
INSERT INTO `produttori` (`id`, `ragione_sociale`, `partita_iva`, `provenienza`, `telefono`, `email`, `sito_web`) VALUES (10, 'Senger, Gerlach and Bergstrom', '92935008686', 'Italia', '(999)859-2713x0199', 'rogahn.thelma@example.net', 'http://wizakihn.com/');
INSERT INTO `produttori` (`id`, `ragione_sociale`, `partita_iva`, `provenienza`, `telefono`, `email`, `sito_web`) VALUES (11, 'Gulgowski, Anderson and Dickens', '98870200846', 'Italia', '564.446.3732x080', 'tressa.johnston@example.net', 'http://www.davismann.net/');
INSERT INTO `produttori` (`id`, `ragione_sociale`, `partita_iva`, `provenienza`, `telefono`, `email`, `sito_web`) VALUES (12, 'Beahan-Yundt', '44261638666', 'Italia', '+13(2)6392051444', 'tbecker@example.net', 'http://www.lynchbarton.com/');
INSERT INTO `produttori` (`id`, `ragione_sociale`, `partita_iva`, `provenienza`, `telefono`, `email`, `sito_web`) VALUES (13, 'Nikolaus PLC', '68851109974', 'Italia', '(101)619-5630', 'murphy.dillan@example.com', 'http://stehrschoen.com/');
INSERT INTO `produttori` (`id`, `ragione_sociale`, `partita_iva`, `provenienza`, `telefono`, `email`, `sito_web`) VALUES (14, 'Kozey, Ortiz and Mayer', '33275071170', 'Italia', '658.268.9319x5974', 'srau@example.com', 'http://corwin.biz/');
INSERT INTO `produttori` (`id`, `ragione_sociale`, `partita_iva`, `provenienza`, `telefono`, `email`, `sito_web`) VALUES (15, 'Romaguera, Haag and Champlin', '41144223724', 'Italia', '1-390-553-2554x087', 'ybechtelar@example.org', 'http://www.hauck.org/');
INSERT INTO `produttori` (`id`, `ragione_sociale`, `partita_iva`, `provenienza`, `telefono`, `email`, `sito_web`) VALUES (16, 'Rempel, Bayer and Streich', '65750537390', 'Italia', '1-560-346-9039x7033', 'franecki.rickie@example.org', 'http://shanahankling.com/');
INSERT INTO `produttori` (`id`, `ragione_sociale`, `partita_iva`, `provenienza`, `telefono`, `email`, `sito_web`) VALUES (17, 'Spinka LLC', '31170455221', 'Italia', '+65(0)4033429118', 'johns.mikel@example.net', 'http://www.ernser.com/');
INSERT INTO `produttori` (`id`, `ragione_sociale`, `partita_iva`, `provenienza`, `telefono`, `email`, `sito_web`) VALUES (18, 'Daniel-Murazik', '66704260770', 'Italia', '186.078.1135', 'vena92@example.net', 'http://kessler.com/');
INSERT INTO `produttori` (`id`, `ragione_sociale`, `partita_iva`, `provenienza`, `telefono`, `email`, `sito_web`) VALUES (19, 'Carter PLC', '30829242604', 'Italia', '197.575.3841x5603', 'sally42@example.com', 'http://fay.com/');
INSERT INTO `produttori` (`id`, `ragione_sociale`, `partita_iva`, `provenienza`, `telefono`, `email`, `sito_web`) VALUES (20, 'Bartoletti, West and Farrell', '47007085889', 'Italia', '169-354-9244', 'marquis.marquardt@example.org', 'http://www.raynorcarter.org/');

INSERT INTO `metodi_pagamento` (`id`, `numero_carta`, `nome_proprietario`, `scadenza_carta`, `cvv`, `users_id`) VALUES (1, '5306445668888481', 'Leanne Borer', '11/22', 258, 1);
INSERT INTO `metodi_pagamento` (`id`, `numero_carta`, `nome_proprietario`, `scadenza_carta`, `cvv`, `users_id`) VALUES (2, '4556536705164771', 'Prof. Murl Hahn', '09/23', 953, 16);
INSERT INTO `metodi_pagamento` (`id`, `numero_carta`, `nome_proprietario`, `scadenza_carta`, `cvv`, `users_id`) VALUES (3, '4539592845313', 'Doug Dare', '09/24', 110, 2);
INSERT INTO `metodi_pagamento` (`id`, `numero_carta`, `nome_proprietario`, `scadenza_carta`, `cvv`, `users_id`) VALUES (4, '4929778827231', 'Prof. Florence Watsica Jr.', '03/25', 380, 10);
INSERT INTO `metodi_pagamento` (`id`, `numero_carta`, `nome_proprietario`, `scadenza_carta`, `cvv`, `users_id`) VALUES (5, '6011180242103303', 'Prof. Leonel Batz', '03/25', 507, 3);
INSERT INTO `metodi_pagamento` (`id`, `numero_carta`, `nome_proprietario`, `scadenza_carta`, `cvv`, `users_id`) VALUES (6, '6011714604263699', 'Jaden Cremin', '02/25', 375, 1);
INSERT INTO `metodi_pagamento` (`id`, `numero_carta`, `nome_proprietario`, `scadenza_carta`, `cvv`, `users_id`) VALUES (7, '4485515489575', 'Tressa Schultz Jr.', '01/23', 459, 18);
INSERT INTO `metodi_pagamento` (`id`, `numero_carta`, `nome_proprietario`, `scadenza_carta`, `cvv`, `users_id`) VALUES (8, '4473914183080', 'Adelbert Powlowski IV', '04/23', 102, 18);
INSERT INTO `metodi_pagamento` (`id`, `numero_carta`, `nome_proprietario`, `scadenza_carta`, `cvv`, `users_id`) VALUES (9, '5552908348275576', 'Ms. Estelle Johns', '01/24', 660, 10);
INSERT INTO `metodi_pagamento` (`id`, `numero_carta`, `nome_proprietario`, `scadenza_carta`, `cvv`, `users_id`) VALUES (10, '4532994864903318', 'Taylor Kreiger', '01/25', 988, 17);
INSERT INTO `metodi_pagamento` (`id`, `numero_carta`, `nome_proprietario`, `scadenza_carta`, `cvv`, `users_id`) VALUES (11, '6011317263700582', 'Stephon Fritsch IV', '06/23', 371, 3);
INSERT INTO `metodi_pagamento` (`id`, `numero_carta`, `nome_proprietario`, `scadenza_carta`, `cvv`, `users_id`) VALUES (12, '4716089532013', 'Prof. Jaime Hoeger DVM', '03/24', 85, 17);
INSERT INTO `metodi_pagamento` (`id`, `numero_carta`, `nome_proprietario`, `scadenza_carta`, `cvv`, `users_id`) VALUES (13, '5302169130618330', 'Loyal Botsford', '10/24', 118, 1);
INSERT INTO `metodi_pagamento` (`id`, `numero_carta`, `nome_proprietario`, `scadenza_carta`, `cvv`, `users_id`) VALUES (14, '4485012315525', 'Leslie Waters', '07/22', 901, 11);
INSERT INTO `metodi_pagamento` (`id`, `numero_carta`, `nome_proprietario`, `scadenza_carta`, `cvv`, `users_id`) VALUES (15, '4916040501824', 'Meda McKenzie I', '03/24', 405, 12);
INSERT INTO `metodi_pagamento` (`id`, `numero_carta`, `nome_proprietario`, `scadenza_carta`, `cvv`, `users_id`) VALUES (16, '4024007186844', 'Darwin Wintheiser', '08/24', 196, 13);
INSERT INTO `metodi_pagamento` (`id`, `numero_carta`, `nome_proprietario`, `scadenza_carta`, `cvv`, `users_id`) VALUES (17, '340847708222181', 'Elise Lakin', '01/24', 718, 14);
INSERT INTO `metodi_pagamento` (`id`, `numero_carta`, `nome_proprietario`, `scadenza_carta`, `cvv`, `users_id`) VALUES (18, '5112825695018370', 'Maymie Jenkins', '09/22', 598, 6);
INSERT INTO `metodi_pagamento` (`id`, `numero_carta`, `nome_proprietario`, `scadenza_carta`, `cvv`, `users_id`) VALUES (19, '5389499319326456', 'Dr. Keshaun Lebsack', '11/22', 925, 3);
INSERT INTO `metodi_pagamento` (`id`, `numero_carta`, `nome_proprietario`, `scadenza_carta`, `cvv`, `users_id`) VALUES (20, '5536319543825081', 'Brenna Sanford', '12/23', 797, 5);
INSERT INTO `metodi_pagamento` (`id`, `numero_carta`, `nome_proprietario`, `scadenza_carta`, `cvv`, `users_id`) VALUES (21, '5124357996490563', 'Arlie Mitchell', '05/23', 670, 15);
INSERT INTO `metodi_pagamento` (`id`, `numero_carta`, `nome_proprietario`, `scadenza_carta`, `cvv`, `users_id`) VALUES (22, '5581320744514574', 'Miss Serenity Crooks DDS', '05/25', 758, 3);
INSERT INTO `metodi_pagamento` (`id`, `numero_carta`, `nome_proprietario`, `scadenza_carta`, `cvv`, `users_id`) VALUES (23, '6011437404706624', 'Stephania Cartwright Sr.', '11/22', 737, 17);
INSERT INTO `metodi_pagamento` (`id`, `numero_carta`, `nome_proprietario`, `scadenza_carta`, `cvv`, `users_id`) VALUES (24, '4532111771097425', 'Alexane Beier', '06/23', 406, 20);
INSERT INTO `metodi_pagamento` (`id`, `numero_carta`, `nome_proprietario`, `scadenza_carta`, `cvv`, `users_id`) VALUES (25, '379879689229712', 'Miss Ora O\'Connell', '01/25', 558, 15);
INSERT INTO `metodi_pagamento` (`id`, `numero_carta`, `nome_proprietario`, `scadenza_carta`, `cvv`, `users_id`) VALUES (26, '4485151767215', 'Dr. Robyn Keeling DDS', '03/24', 784, 9);
INSERT INTO `metodi_pagamento` (`id`, `numero_carta`, `nome_proprietario`, `scadenza_carta`, `cvv`, `users_id`) VALUES (27, '4532528976322826', 'Prof. Zechariah Stoltenberg Jr.', '11/22', 671, 1);
INSERT INTO `metodi_pagamento` (`id`, `numero_carta`, `nome_proprietario`, `scadenza_carta`, `cvv`, `users_id`) VALUES (28, '5279724158342248', 'Jaleel Kuvalis', '10/24', 589, 2);
INSERT INTO `metodi_pagamento` (`id`, `numero_carta`, `nome_proprietario`, `scadenza_carta`, `cvv`, `users_id`) VALUES (29, '4485518948050592', 'Mr. Luigi Schmeler', '11/22', 198, 18);
INSERT INTO `metodi_pagamento` (`id`, `numero_carta`, `nome_proprietario`, `scadenza_carta`, `cvv`, `users_id`) VALUES (30, '5534971873488776', 'Furman Schinner', '09/24', 652, 13);

INSERT INTO `indirizzi` (`id`, `indirizzo`, `citta`, `cap`, `provincia`, `nazione`, `users_id`) VALUES (1, '80467 Kuvalis Dam', 'Rodberg', '43181', 'VE', 'Italia', 3);
INSERT INTO `indirizzi` (`id`, `indirizzo`, `citta`, `cap`, `provincia`, `nazione`, `users_id`) VALUES (2, '9723 Clemmie Summit Suite 517', 'East Johannamouth', '84649', 'PC', 'Italia', 19);
INSERT INTO `indirizzi` (`id`, `indirizzo`, `citta`, `cap`, `provincia`, `nazione`, `users_id`) VALUES (3, '3817 Watson Loaf Apt. 541', 'South Sunny', '58565', 'VT', 'Italia', 13);
INSERT INTO `indirizzi` (`id`, `indirizzo`, `citta`, `cap`, `provincia`, `nazione`, `users_id`) VALUES (4, '028 Corrine Springs', 'North Tianashire', '03475', 'VC', 'Italia', 10);
INSERT INTO `indirizzi` (`id`, `indirizzo`, `citta`, `cap`, `provincia`, `nazione`, `users_id`) VALUES (5, '7254 Schinner Club', 'North Verona', '67181', 'VE', 'Italia', 7);
INSERT INTO `indirizzi` (`id`, `indirizzo`, `citta`, `cap`, `provincia`, `nazione`, `users_id`) VALUES (6, '3972 Mills Club', 'Aglaestad', '18025', 'AO', 'Italia', 11);
INSERT INTO `indirizzi` (`id`, `indirizzo`, `citta`, `cap`, `provincia`, `nazione`, `users_id`) VALUES (7, '1770 Littel Locks Suite 561', 'Elwynfort', '77243', 'TA', 'Italia', 3);
INSERT INTO `indirizzi` (`id`, `indirizzo`, `citta`, `cap`, `provincia`, `nazione`, `users_id`) VALUES (8, '9526 Gleason Stravenue', 'New Kennedyville', '90151', 'MI', 'Italia', 4);
INSERT INTO `indirizzi` (`id`, `indirizzo`, `citta`, `cap`, `provincia`, `nazione`, `users_id`) VALUES (9, '6910 Abdul Mountains Suite 648', 'Gloverton', '88967', 'RN', 'Italia', 8);
INSERT INTO `indirizzi` (`id`, `indirizzo`, `citta`, `cap`, `provincia`, `nazione`, `users_id`) VALUES (10, '1223 Kovacek Rapid Suite 957', 'Ceasarshire', '88475', 'NU', 'Italia', 8);
INSERT INTO `indirizzi` (`id`, `indirizzo`, `citta`, `cap`, `provincia`, `nazione`, `users_id`) VALUES (11, '1702 Torp Garden', 'New Preciousberg', '24382', 'SP', 'Italia', 18);
INSERT INTO `indirizzi` (`id`, `indirizzo`, `citta`, `cap`, `provincia`, `nazione`, `users_id`) VALUES (12, '12986 Jefferey Canyon', 'South Paulineburgh', '62987', 'RI', 'Italia', 6);
INSERT INTO `indirizzi` (`id`, `indirizzo`, `citta`, `cap`, `provincia`, `nazione`, `users_id`) VALUES (13, '70958 Terrill Bridge Apt. 502', 'Jessikaport', '10261', 'PU', 'Italia', 1);
INSERT INTO `indirizzi` (`id`, `indirizzo`, `citta`, `cap`, `provincia`, `nazione`, `users_id`) VALUES (14, '93973 Koss Via Suite 108', 'Darronside', '59924', 'TO', 'Italia', 4);
INSERT INTO `indirizzi` (`id`, `indirizzo`, `citta`, `cap`, `provincia`, `nazione`, `users_id`) VALUES (15, '0254 Ondricka Lock Suite 965', 'Lake Faustino', '08480', 'CZ', 'Italia', 14);
INSERT INTO `indirizzi` (`id`, `indirizzo`, `citta`, `cap`, `provincia`, `nazione`, `users_id`) VALUES (16, '9987 Robel Dale', 'Annieburgh', '98628', 'PR', 'Italia', 15);
INSERT INTO `indirizzi` (`id`, `indirizzo`, `citta`, `cap`, `provincia`, `nazione`, `users_id`) VALUES (17, '88150 Renee Street', 'South Marleneberg', '27330', 'CE', 'Italia', 6);
INSERT INTO `indirizzi` (`id`, `indirizzo`, `citta`, `cap`, `provincia`, `nazione`, `users_id`) VALUES (18, '66813 Swaniawski Drive', 'East Kellihaven', '82573', 'VR', 'Italia', 4);
INSERT INTO `indirizzi` (`id`, `indirizzo`, `citta`, `cap`, `provincia`, `nazione`, `users_id`) VALUES (19, '4335 Hills Junction', 'South Johnson', '05766', 'NU', 'Italia', 16);
INSERT INTO `indirizzi` (`id`, `indirizzo`, `citta`, `cap`, `provincia`, `nazione`, `users_id`) VALUES (20, '419 Deshawn Fords Apt. 096', 'East Ignaciomouth', '56029', 'CR', 'Italia', 20);
INSERT INTO `indirizzi` (`id`, `indirizzo`, `citta`, `cap`, `provincia`, `nazione`, `users_id`) VALUES (21, '4701 Elinor Orchard Apt. 732', 'New Susan', '72141', 'BZ', 'Italia', 19);
INSERT INTO `indirizzi` (`id`, `indirizzo`, `citta`, `cap`, `provincia`, `nazione`, `users_id`) VALUES (22, '340 Margret Summit', 'North Isaiastown', '53853', 'MT', 'Italia', 19);
INSERT INTO `indirizzi` (`id`, `indirizzo`, `citta`, `cap`, `provincia`, `nazione`, `users_id`) VALUES (23, '874 Katlynn Meadows', 'Wolfhaven', '83014', 'PU', 'Italia', 15);
INSERT INTO `indirizzi` (`id`, `indirizzo`, `citta`, `cap`, `provincia`, `nazione`, `users_id`) VALUES (24, '0275 Cole Loaf', 'Lake Sheridanton', '78192', 'NO', 'Italia', 14);
INSERT INTO `indirizzi` (`id`, `indirizzo`, `citta`, `cap`, `provincia`, `nazione`, `users_id`) VALUES (25, '9830 Macejkovic Mall Apt. 282', 'Maryamland', '31551', 'IS', 'Italia', 7);
INSERT INTO `indirizzi` (`id`, `indirizzo`, `citta`, `cap`, `provincia`, `nazione`, `users_id`) VALUES (26, '863 Corine Drives Suite 270', 'North Ray', '37217', 'PG', 'Italia', 16);
INSERT INTO `indirizzi` (`id`, `indirizzo`, `citta`, `cap`, `provincia`, `nazione`, `users_id`) VALUES (27, '3334 Ritchie Lake', 'Lake Aubrey', '90263', 'GO', 'Italia', 16);
INSERT INTO `indirizzi` (`id`, `indirizzo`, `citta`, `cap`, `provincia`, `nazione`, `users_id`) VALUES (28, '353 Kavon Islands', 'Port Maiya', '78016', 'LE', 'Italia', 11);
INSERT INTO `indirizzi` (`id`, `indirizzo`, `citta`, `cap`, `provincia`, `nazione`, `users_id`) VALUES (29, '57586 Abernathy Track', 'Ashtonchester', '69503', 'PG', 'Italia', 9);
INSERT INTO `indirizzi` (`id`, `indirizzo`, `citta`, `cap`, `provincia`, `nazione`, `users_id`) VALUES (30, '8072 Schultz Estates Apt. 333', 'Boganmouth', '13274', 'AO', 'Italia', 5);
