INSERT INTO `categorie` (`id`, `nome`) VALUES (1, 'Gin');
INSERT INTO `categorie` (`id`, `nome`) VALUES (2, 'Liquore');
INSERT INTO `categorie` (`id`, `nome`) VALUES (3, 'Vino Fortificato');
INSERT INTO `categorie` (`id`, `nome`) VALUES (4, 'Whisky');
INSERT INTO `categorie` (`id`, `nome`) VALUES (5, 'Grappa');
INSERT INTO `categorie` (`id`, `nome`) VALUES (6, 'Vino Rosso');
INSERT INTO `categorie` (`id`, `nome`) VALUES (7, 'Vino Bianco');
INSERT INTO `categorie` (`id`, `nome`) VALUES (8, 'Vodka');
INSERT INTO `categorie` (`id`, `nome`) VALUES (9, 'Rum');
INSERT INTO `categorie` (`id`, `nome`) VALUES (10, 'Spumante');
INSERT INTO `categorie` (`id`, `nome`) VALUES (11, 'Champagne');
INSERT INTO `categorie` (`id`, `nome`) VALUES (12, 'Brandy');
INSERT INTO `categorie` (`id`, `nome`) VALUES (13, 'Passito');
INSERT INTO `categorie` (`id`, `nome`) VALUES (14, 'Tequila');

INSERT INTO `users` (`id`, `nome`, `cognome`, `email`, `password`, `telefono`) VALUES (1, 'Davide', 'De Acetis', 'admin@example.net', '696d29e0940a4957748fe3fc9efd22a3', '3276789898');
INSERT INTO `users` (`id`, `nome`, `cognome`, `email`, `password`, `telefono`) VALUES (2, 'Davide', 'De Acetis', 'user@example.net', '696d29e0940a4957748fe3fc9efd22a3', '3276789898');
INSERT INTO `users` (`id`, `nome`, `cognome`, `email`, `password`, `telefono`) VALUES (3, 'Steve', 'Hodkiewicz', 'qparker@example.org', 'ce37ec3809a9fb5c74dedff9ecde883382921716', '023-044-8841');
INSERT INTO `users` (`id`, `nome`, `cognome`, `email`, `password`, `telefono`) VALUES (4, 'Claire', 'Mayert', 'jayden.emard@example.net', 'f0378ac91700d50ec52d8a2086de641fb33a3800', '(468)455-4609x2612');
INSERT INTO `users` (`id`, `nome`, `cognome`, `email`, `password`, `telefono`) VALUES (5, 'Willie', 'Rodriguez', 'dora87@example.com', '0d7eb6898f5922df969fee2b1e5f1f77b8c4d8ab', '425-440-8619x37639');
INSERT INTO `users` (`id`, `nome`, `cognome`, `email`, `password`, `telefono`) VALUES (6, 'Vito', 'Stoltenberg', 'sheila15@example.com', '5588699999bf75525e0adfee286de90af35fbff0', '1-126-546-4313');
INSERT INTO `users` (`id`, `nome`, `cognome`, `email`, `password`, `telefono`) VALUES (7, 'Abdiel', 'Hane', 'hermann.sienna@example.org', '886157da70cccc12f1fa29ddfb639b585affaf0f', '463-201-8877x728');
INSERT INTO `users` (`id`, `nome`, `cognome`, `email`, `password`, `telefono`) VALUES (8, 'Gonzalo', 'Beer', 'carroll63@example.com', '340fa0abcad3144f0dd5deb1342540c22e3b1ed3', '06392632075');
INSERT INTO `users` (`id`, `nome`, `cognome`, `email`, `password`, `telefono`) VALUES (9, 'Blanca', 'Funk', 'heaney.lyda@example.org', 'f8e2f74a2b0f3ae8919e89478de0237f01633b80', '984.801.2279x880');
INSERT INTO `users` (`id`, `nome`, `cognome`, `email`, `password`, `telefono`) VALUES (10, 'Joanne', 'Parisian', 'kaylin04@example.net', 'e5bbce21531520f7594a776b9256d47ca6bf1d86', '(244)643-1665x454');
INSERT INTO `users` (`id`, `nome`, `cognome`, `email`, `password`, `telefono`) VALUES (11, 'Jonathon', 'Baumbach', 'drew.cartwright@example.org', '7c5e77139e5ab20df9bb150dbc92749116ee11ba', '(880)655-1888x8452');
INSERT INTO `users` (`id`, `nome`, `cognome`, `email`, `password`, `telefono`) VALUES (12, 'Macie', 'Bosco', 'melba.vandervort@example.org', 'e17a3c477e86bd0b9ee2b3e32fa05be57cb2b422', '391.886.5951');
INSERT INTO `users` (`id`, `nome`, `cognome`, `email`, `password`, `telefono`) VALUES (13, 'Alberto', 'Corkery', 'erica18@example.com', 'ce57052126b6d18cf1042f35ac6e1326fe7b11c7', '699-831-4929x6259');
INSERT INTO `users` (`id`, `nome`, `cognome`, `email`, `password`, `telefono`) VALUES (14, 'Fiona', 'Anderson', 'federico31@example.net', 'f23aeb15a533462271802f540955e17a6bcb9b4b', '874.239.4490x1916');
INSERT INTO `users` (`id`, `nome`, `cognome`, `email`, `password`, `telefono`) VALUES (15, 'Mervin', 'Legros', 'sawayn.winifred@example.org', 'c6d8c12d6a4646f4fc621c97ea617460616f1b87', '086.640.8319x6763');
INSERT INTO `users` (`id`, `nome`, `cognome`, `email`, `password`, `telefono`) VALUES (16, 'Karine', 'Walker', 'ethelyn91@example.com', '9db56b1711d4341b43b93db4a9c65b339d69d9b9', '951-185-8914x638');
INSERT INTO `users` (`id`, `nome`, `cognome`, `email`, `password`, `telefono`) VALUES (17, 'Mable', 'Schinner', 'twaelchi@example.net', 'd91c4613adfb79c497d15ea6eb1965156151dad1', '939.504.7097x53722');
INSERT INTO `users` (`id`, `nome`, `cognome`, `email`, `password`, `telefono`) VALUES (18, 'Esther', 'Kertzmann', 'shaun.grimes@example.org', 'e74c0ca9c41b1f1eb43185c903d478bc13d60e10', '239.110.6947x796');
INSERT INTO `users` (`id`, `nome`, `cognome`, `email`, `password`, `telefono`) VALUES (19, 'Danielle', 'Sauer', 'leonora88@example.com', 'c94135a24ef228dd18ce078f3a0e11ab2d225ea7', '836.710.9153x4185');
INSERT INTO `users` (`id`, `nome`, `cognome`, `email`, `password`, `telefono`) VALUES (20, 'Wyatt', 'Halvorson', 'rahsaan03@example.org', 'c6403c06c15a8d1fdcdc466155bef24c47f4a38a', '09971329191');

INSERT INTO `provenienze` (`id`, `nazione`, `regione`) VALUES (1, 'Italia', 'Puglia');
INSERT INTO `provenienze` (`id`, `nazione`, `regione`) VALUES (2, 'Italia', 'Lombardia');
INSERT INTO `provenienze` (`id`, `nazione`, `regione`) VALUES (3, 'Italia', 'Friuli Venezia Giulia');
INSERT INTO `provenienze` (`id`, `nazione`, `regione`) VALUES (4, 'Italia', 'Basilicata');
INSERT INTO `provenienze` (`id`, `nazione`, `regione`) VALUES (5, 'Italia', 'Campania');
INSERT INTO `provenienze` (`id`, `nazione`, `regione`) VALUES (6, 'Italia', 'Abruzzo');
INSERT INTO `provenienze` (`id`, `nazione`, `regione`) VALUES (7, 'Italia', 'Lazio');
INSERT INTO `provenienze` (`id`, `nazione`, `regione`) VALUES (8, 'Italia', 'Piemonte');
INSERT INTO `provenienze` (`id`, `nazione`, `regione`) VALUES (9, 'Italia', 'Emilia-Romagna');
INSERT INTO `provenienze` (`id`, `nazione`, `regione`) VALUES (10, 'Italia', 'Sardegna');
INSERT INTO `provenienze` (`id`, `nazione`, `regione`) VALUES (11, 'Italia', 'Umbria');
INSERT INTO `provenienze` (`id`, `nazione`, `regione`) VALUES (12, 'Italia', 'Calabria');
INSERT INTO `provenienze` (`id`, `nazione`, `regione`) VALUES (13, 'Italia', 'Liguria');
INSERT INTO `provenienze` (`id`, `nazione`, `regione`) VALUES (14, 'Italia', 'Marche');
INSERT INTO `provenienze` (`id`, `nazione`, `regione`) VALUES (15, 'Italia', 'Trentino-Alto Adige');
INSERT INTO `provenienze` (`id`, `nazione`, `regione`) VALUES (16, 'Italia', 'Valle d\'Aosta');
INSERT INTO `provenienze` (`id`, `nazione`, `regione`) VALUES (17, 'Italia', 'Veneto');
INSERT INTO `provenienze` (`id`, `nazione`, `regione`) VALUES (18, 'Italia', 'Toscana');
INSERT INTO `provenienze` (`id`, `nazione`, `regione`) VALUES (19, 'Italia', 'Sicilia');
INSERT INTO `provenienze` (`id`, `nazione`, `regione`) VALUES (20, 'Italia', 'Molise');

INSERT INTO `produttori` (`id`, `ragione_sociale`, `partita_iva`, `provenienza`, `telefono`, `email`, `sito_web`) VALUES (1, 'Lockman, Gaylord and Grady', '71664751077', 'Italia', '956-430-1150x943', 'tyreek.goodwin@example.com', 'http://www.lindwolff.net/');
INSERT INTO `produttori` (`id`, `ragione_sociale`, `partita_iva`, `provenienza`, `telefono`, `email`, `sito_web`) VALUES (2, 'Macejkovic-Mueller', '59710365323', 'Italia', '098.544.8439', 'jerde.madalyn@example.com', 'http://www.kshlerin.biz/');
INSERT INTO `produttori` (`id`, `ragione_sociale`, `partita_iva`, `provenienza`, `telefono`, `email`, `sito_web`) VALUES (3, 'Leannon-Mohr', '39233746178', 'Italia', '1-822-567-1214', 'minerva.murray@example.net', 'http://www.bergnaumbeahan.net/');
INSERT INTO `produttori` (`id`, `ragione_sociale`, `partita_iva`, `provenienza`, `telefono`, `email`, `sito_web`) VALUES (4, 'Volkman Group', '73719847989', 'Italia', '1-740-889-0211', 'considine.julie@example.org', 'http://www.wilkinson.biz/');
INSERT INTO `produttori` (`id`, `ragione_sociale`, `partita_iva`, `provenienza`, `telefono`, `email`, `sito_web`) VALUES (5, 'Pagac Ltd', '09487758254', 'Italia', '022.957.3873x756', 'isaias.paucek@example.com', 'http://www.koelpinfadel.biz/');
INSERT INTO `produttori` (`id`, `ragione_sociale`, `partita_iva`, `provenienza`, `telefono`, `email`, `sito_web`) VALUES (6, 'Ankunding-Steuber', '65220540862', 'Italia', '(047)171-3080x08713', 'mills.samanta@example.com', 'http://crist.com/');
INSERT INTO `produttori` (`id`, `ragione_sociale`, `partita_iva`, `provenienza`, `telefono`, `email`, `sito_web`) VALUES (7, 'Bergstrom-Klein', '70647038303', 'Italia', '06431514396', 'audreanne30@example.net', 'http://tremblay.org/');
INSERT INTO `produttori` (`id`, `ragione_sociale`, `partita_iva`, `provenienza`, `telefono`, `email`, `sito_web`) VALUES (8, 'Bosco, Champlin and Russel', '62138554459', 'Italia', '1-344-573-3846', 'stracke.courtney@example.com', 'http://www.gislason.com/');
INSERT INTO `produttori` (`id`, `ragione_sociale`, `partita_iva`, `provenienza`, `telefono`, `email`, `sito_web`) VALUES (9, 'Haag and Sons', '80018171205', 'Italia', '(997)964-3509', 'terence.white@example.com', 'http://www.jaskolskiledner.info/');
INSERT INTO `produttori` (`id`, `ragione_sociale`, `partita_iva`, `provenienza`, `telefono`, `email`, `sito_web`) VALUES (10, 'Senger, Gerlach and Bergstrom', '92935008686', 'Italia', '(999)859-2713x0199', 'rogahn.thelma@example.net', 'http://wizakihn.com/');
INSERT INTO `produttori` (`id`, `ragione_sociale`, `partita_iva`, `provenienza`, `telefono`, `email`, `sito_web`) VALUES (11, 'Gulgowski, Anderson and Dickens', '98870200846', 'Italia', '564.446.3732x080', 'tressa.johnston@example.net', 'http://www.davismann.net/');
INSERT INTO `produttori` (`id`, `ragione_sociale`, `partita_iva`, `provenienza`, `telefono`, `email`, `sito_web`) VALUES (12, 'Beahan-Yundt', '44261638666', 'Italia', '+13(2)6392051444', 'tbecker@example.net', 'http://www.lynchbarton.com/');
INSERT INTO `produttori` (`id`, `ragione_sociale`, `partita_iva`, `provenienza`, `telefono`, `email`, `sito_web`) VALUES (13, 'Nikolaus PLC', '68851109974', 'Italia', '(101)619-5630', 'murphy.dillan@example.com', 'http://stehrschoen.com/');
INSERT INTO `produttori` (`id`, `ragione_sociale`, `partita_iva`, `provenienza`, `telefono`, `email`, `sito_web`) VALUES (14, 'Kozey, Ortiz and Mayer', '33275071170', 'Italia', '658.268.9319x5974', 'srau@example.com', 'http://corwin.biz/');
INSERT INTO `produttori` (`id`, `ragione_sociale`, `partita_iva`, `provenienza`, `telefono`, `email`, `sito_web`) VALUES (15, 'Romaguera, Haag and Champlin', '41144223724', 'Italia', '1-390-553-2554x087', 'ybechtelar@example.org', 'http://www.hauck.org/');
INSERT INTO `produttori` (`id`, `ragione_sociale`, `partita_iva`, `provenienza`, `telefono`, `email`, `sito_web`) VALUES (16, 'Rempel, Bayer and Streich', '65750537390', 'Italia', '1-560-346-9039x7033', 'franecki.rickie@example.org', 'http://shanahankling.com/');
INSERT INTO `produttori` (`id`, `ragione_sociale`, `partita_iva`, `provenienza`, `telefono`, `email`, `sito_web`) VALUES (17, 'Spinka LLC', '31170455221', 'Italia', '+65(0)4033429118', 'johns.mikel@example.net', 'http://www.ernser.com/');
INSERT INTO `produttori` (`id`, `ragione_sociale`, `partita_iva`, `provenienza`, `telefono`, `email`, `sito_web`) VALUES (18, 'Daniel-Murazik', '66704260770', 'Italia', '186.078.1135', 'vena92@example.net', 'http://kessler.com/');
INSERT INTO `produttori` (`id`, `ragione_sociale`, `partita_iva`, `provenienza`, `telefono`, `email`, `sito_web`) VALUES (19, 'Carter PLC', '30829242604', 'Italia', '197.575.3841x5603', 'sally42@example.com', 'http://fay.com/');
INSERT INTO `produttori` (`id`, `ragione_sociale`, `partita_iva`, `provenienza`, `telefono`, `email`, `sito_web`) VALUES (20, 'Bartoletti, West and Farrell', '47007085889', 'Italia', '169-354-9244', 'marquis.marquardt@example.org', 'http://www.raynorcarter.org/');

INSERT INTO `indirizzi` (`id`, `indirizzo`, `citta`, `cap`, `provincia`, `nazione`, `users_id`) VALUES (1, '80467 Kuvalis Dam', 'Rodberg', '43181', 'VE', 'Italia', 3);
INSERT INTO `indirizzi` (`id`, `indirizzo`, `citta`, `cap`, `provincia`, `nazione`, `users_id`) VALUES (2, '9723 Clemmie Summit Suite 517', 'East Johannamouth', '84649', 'PC', 'Italia', 19);
INSERT INTO `indirizzi` (`id`, `indirizzo`, `citta`, `cap`, `provincia`, `nazione`, `users_id`) VALUES (3, '3817 Watson Loaf Apt. 541', 'South Sunny', '58565', 'VT', 'Italia', 13);
INSERT INTO `indirizzi` (`id`, `indirizzo`, `citta`, `cap`, `provincia`, `nazione`, `users_id`) VALUES (4, '028 Corrine Springs', 'North Tianashire', '03475', 'VC', 'Italia', 10);
INSERT INTO `indirizzi` (`id`, `indirizzo`, `citta`, `cap`, `provincia`, `nazione`, `users_id`) VALUES (5, '7254 Schinner Club', 'North Verona', '67181', 'VE', 'Italia', 7);
INSERT INTO `indirizzi` (`id`, `indirizzo`, `citta`, `cap`, `provincia`, `nazione`, `users_id`) VALUES (6, '3972 Mills Club', 'Aglaestad', '18025', 'AO', 'Italia', 11);
INSERT INTO `indirizzi` (`id`, `indirizzo`, `citta`, `cap`, `provincia`, `nazione`, `users_id`) VALUES (7, '1770 Littel Locks Suite 561', 'Elwynfort', '77243', 'TA', 'Italia', 3);
INSERT INTO `indirizzi` (`id`, `indirizzo`, `citta`, `cap`, `provincia`, `nazione`, `users_id`) VALUES (8, '9526 Gleason Stravenue', 'New Kennedyville', '90151', 'MI', 'Italia', 4);
INSERT INTO `indirizzi` (`id`, `indirizzo`, `citta`, `cap`, `provincia`, `nazione`, `users_id`) VALUES (9, '6910 Abdul Mountains Suite 648', 'Gloverton', '88967', 'RN', 'Italia', 8);
INSERT INTO `indirizzi` (`id`, `indirizzo`, `citta`, `cap`, `provincia`, `nazione`, `users_id`) VALUES (10, '1223 Kovacek Rapid Suite 957', 'Ceasarshire', '88475', 'NU', 'Italia', 8);
INSERT INTO `indirizzi` (`id`, `indirizzo`, `citta`, `cap`, `provincia`, `nazione`, `users_id`) VALUES (11, '1702 Torp Garden', 'New Preciousberg', '24382', 'SP', 'Italia', 18);
INSERT INTO `indirizzi` (`id`, `indirizzo`, `citta`, `cap`, `provincia`, `nazione`, `users_id`) VALUES (12, '12986 Jefferey Canyon', 'South Paulineburgh', '62987', 'RI', 'Italia', 6);
INSERT INTO `indirizzi` (`id`, `indirizzo`, `citta`, `cap`, `provincia`, `nazione`, `users_id`) VALUES (13, '70958 Terrill Bridge Apt. 502', 'Jessikaport', '10261', 'PU', 'Italia', 1);
INSERT INTO `indirizzi` (`id`, `indirizzo`, `citta`, `cap`, `provincia`, `nazione`, `users_id`) VALUES (14, '93973 Koss Via Suite 108', 'Darronside', '59924', 'TO', 'Italia', 4);
INSERT INTO `indirizzi` (`id`, `indirizzo`, `citta`, `cap`, `provincia`, `nazione`, `users_id`) VALUES (15, '0254 Ondricka Lock Suite 965', 'Lake Faustino', '08480', 'CZ', 'Italia', 14);
INSERT INTO `indirizzi` (`id`, `indirizzo`, `citta`, `cap`, `provincia`, `nazione`, `users_id`) VALUES (16, '9987 Robel Dale', 'Annieburgh', '98628', 'PR', 'Italia', 15);
INSERT INTO `indirizzi` (`id`, `indirizzo`, `citta`, `cap`, `provincia`, `nazione`, `users_id`) VALUES (17, '88150 Renee Street', 'South Marleneberg', '27330', 'CE', 'Italia', 6);
INSERT INTO `indirizzi` (`id`, `indirizzo`, `citta`, `cap`, `provincia`, `nazione`, `users_id`) VALUES (18, '66813 Swaniawski Drive', 'East Kellihaven', '82573', 'VR', 'Italia', 4);
INSERT INTO `indirizzi` (`id`, `indirizzo`, `citta`, `cap`, `provincia`, `nazione`, `users_id`) VALUES (19, '4335 Hills Junction', 'South Johnson', '05766', 'NU', 'Italia', 16);
INSERT INTO `indirizzi` (`id`, `indirizzo`, `citta`, `cap`, `provincia`, `nazione`, `users_id`) VALUES (20, '419 Deshawn Fords Apt. 096', 'East Ignaciomouth', '56029', 'CR', 'Italia', 20);
INSERT INTO `indirizzi` (`id`, `indirizzo`, `citta`, `cap`, `provincia`, `nazione`, `users_id`) VALUES (21, '4701 Elinor Orchard Apt. 732', 'New Susan', '72141', 'BZ', 'Italia', 19);
INSERT INTO `indirizzi` (`id`, `indirizzo`, `citta`, `cap`, `provincia`, `nazione`, `users_id`) VALUES (22, '340 Margret Summit', 'North Isaiastown', '53853', 'MT', 'Italia', 19);
INSERT INTO `indirizzi` (`id`, `indirizzo`, `citta`, `cap`, `provincia`, `nazione`, `users_id`) VALUES (23, '874 Katlynn Meadows', 'Wolfhaven', '83014', 'PU', 'Italia', 15);
INSERT INTO `indirizzi` (`id`, `indirizzo`, `citta`, `cap`, `provincia`, `nazione`, `users_id`) VALUES (24, '0275 Cole Loaf', 'Lake Sheridanton', '78192', 'NO', 'Italia', 14);
INSERT INTO `indirizzi` (`id`, `indirizzo`, `citta`, `cap`, `provincia`, `nazione`, `users_id`) VALUES (25, '9830 Macejkovic Mall Apt. 282', 'Maryamland', '31551', 'IS', 'Italia', 7);
INSERT INTO `indirizzi` (`id`, `indirizzo`, `citta`, `cap`, `provincia`, `nazione`, `users_id`) VALUES (26, '863 Corine Drives Suite 270', 'North Ray', '37217', 'PG', 'Italia', 16);
INSERT INTO `indirizzi` (`id`, `indirizzo`, `citta`, `cap`, `provincia`, `nazione`, `users_id`) VALUES (27, '3334 Ritchie Lake', 'Lake Aubrey', '90263', 'GO', 'Italia', 16);
INSERT INTO `indirizzi` (`id`, `indirizzo`, `citta`, `cap`, `provincia`, `nazione`, `users_id`) VALUES (28, '353 Kavon Islands', 'Port Maiya', '78016', 'LE', 'Italia', 11);
INSERT INTO `indirizzi` (`id`, `indirizzo`, `citta`, `cap`, `provincia`, `nazione`, `users_id`) VALUES (29, '57586 Abernathy Track', 'Ashtonchester', '69503', 'PG', 'Italia', 9);
INSERT INTO `indirizzi` (`id`, `indirizzo`, `citta`, `cap`, `provincia`, `nazione`, `users_id`) VALUES (30, '8072 Schultz Estates Apt. 333', 'Boganmouth', '13274', 'AO', 'Italia', 5);

insert into prodotti (id, nome, prezzo, dimensione, quantita_disponibile, descrizione, categorie_id, produttori_id, provenienze_id) values (1, 'Table Cloth 54x72 White', 289.3, 0.92, 84, 'Ut at dolor quis odio consequat varius. Integer ac leo. Pellentesque ultrices mattis odio. Donec vitae nisi. Nam ultrices, libero non mattis pulvinar, nulla pede ullamcorper augue, a suscipit nulla elit ac nulla.', 13, 3, 15);
insert into prodotti (id, nome, prezzo, dimensione, quantita_disponibile, descrizione, categorie_id, produttori_id, provenienze_id) values (2, 'Sugar - Individual Portions', 173.08, 0.91, 16, 'Duis consequat dui nec nisi volutpat eleifend. Donec ut dolor. Morbi vel lectus in quam fringilla rhoncus. Mauris enim leo, rhoncus sed, vestibulum sit amet, cursus id, turpis. Integer aliquet, massa id lobortis convallis, tortor risus dapibus augue, vel accumsan tellus nisi eu orci. Mauris lacinia sapien quis libero. Nullam sit amet turpis elementum ligula vehicula consequat. Morbi a ipsum.', 9, 20, 20);
insert into prodotti (id, nome, prezzo, dimensione, quantita_disponibile, descrizione, categorie_id, produttori_id, provenienze_id) values (3, 'Crab - Dungeness, Whole, live', 134.64, 0.92, 50, 'Nullam molestie nibh in lectus. Pellentesque at nulla. Suspendisse potenti. Cras in purus eu magna vulputate luctus. Cum sociis natoque penatibus et magnis dis parturient montes, nascetur ridiculus mus. Vivamus vestibulum sagittis sapien. Cum sociis natoque penatibus et magnis dis parturient montes, nascetur ridiculus mus. Etiam vel augue. Vestibulum rutrum rutrum neque. Aenean auctor gravida sem. Praesent id massa id nisl venenatis lacinia. Aenean sit amet justo. Morbi ut odio. Cras mi pede, malesuada in, imperdiet et, commodo vulputate, justo. In blandit ultrices enim. Lorem ipsum dolor sit amet, consectetuer adipiscing elit. Proin interdum mauris non ligula pellentesque ultrices. Phasellus id sapien in sapien iaculis congue.', 11, 17, 18);
insert into prodotti (id, nome, prezzo, dimensione, quantita_disponibile, descrizione, categorie_id, produttori_id, provenienze_id) values (4, 'Beef Flat Iron Steak', 173.26, 0.08, 29, 'Etiam faucibus cursus urna. Ut tellus. Nulla ut erat id mauris vulputate elementum. Nullam varius. Nulla facilisi.', 1, 10, 13);
insert into prodotti (id, nome, prezzo, dimensione, quantita_disponibile, descrizione, categorie_id, produttori_id, provenienze_id) values (5, 'Beer - Blue Light', 134.65, 1.86, 14, 'Integer non velit. Donec diam neque, vestibulum eget, vulputate ut, ultrices vel, augue. Vestibulum ante ipsum primis in faucibus orci luctus et ultrices posuere cubilia Curae; Donec pharetra, magna vestibulum aliquet ultrices, erat tortor sollicitudin mi, sit amet lobortis sapien sapien non mi. Integer ac neque. Duis bibendum. Morbi non quam nec dui luctus rutrum. Nulla tellus. In sagittis dui vel nisl. Duis ac nibh. Fusce lacus purus, aliquet at, feugiat non, pretium quis, lectus.', 9, 9, 10);
insert into prodotti (id, nome, prezzo, dimensione, quantita_disponibile, descrizione, categorie_id, produttori_id, provenienze_id) values (6, 'Foil Wrap', 73.3, 1.22, 6, 'Aliquam sit amet diam in magna bibendum imperdiet. Nullam orci pede, venenatis non, sodales sed, tincidunt eu, felis. Fusce posuere felis sed lacus. Morbi sem mauris, laoreet ut, rhoncus aliquet, pulvinar sed, nisl. Nunc rhoncus dui vel sem. Sed sagittis. Nam congue, risus semper porta volutpat, quam pede lobortis ligula, sit amet eleifend pede libero quis orci. Nullam molestie nibh in lectus. Pellentesque at nulla. Suspendisse potenti. Cras in purus eu magna vulputate luctus. Cum sociis natoque penatibus et magnis dis parturient montes, nascetur ridiculus mus. Vivamus vestibulum sagittis sapien.', 11, 5, 19);
insert into prodotti (id, nome, prezzo, dimensione, quantita_disponibile, descrizione, categorie_id, produttori_id, provenienze_id) values (7, 'Bread - French Baquette', 191.71, 0.14, 71, 'Nullam orci pede, venenatis non, sodales sed, tincidunt eu, felis. Fusce posuere felis sed lacus. Morbi sem mauris, laoreet ut, rhoncus aliquet, pulvinar sed, nisl. Nunc rhoncus dui vel sem. Sed sagittis. Nam congue, risus semper porta volutpat, quam pede lobortis ligula, sit amet eleifend pede libero quis orci. Nullam molestie nibh in lectus. Pellentesque at nulla. Suspendisse potenti. Cras in purus eu magna vulputate luctus. Cum sociis natoque penatibus et magnis dis parturient montes, nascetur ridiculus mus. Vivamus vestibulum sagittis sapien. Cum sociis natoque penatibus et magnis dis parturient montes, nascetur ridiculus mus. Etiam vel augue. Vestibulum rutrum rutrum neque.', 9, 5, 12);
insert into prodotti (id, nome, prezzo, dimensione, quantita_disponibile, descrizione, categorie_id, produttori_id, provenienze_id) values (8, 'Chives - Fresh', 55.86, 1.97, 67, 'Lorem ipsum dolor sit amet, consectetuer adipiscing elit. Proin interdum mauris non ligula pellentesque ultrices. Phasellus id sapien in sapien iaculis congue. Vivamus metus arcu, adipiscing molestie, hendrerit at, vulputate vitae, nisl. Aenean lectus. Pellentesque eget nunc. Donec quis orci eget orci vehicula condimentum. Curabitur in libero ut massa volutpat convallis. Morbi odio odio, elementum eu, interdum eu, tincidunt in, leo. Maecenas pulvinar lobortis est. Phasellus sit amet erat.', 2, 7, 1);
insert into prodotti (id, nome, prezzo, dimensione, quantita_disponibile, descrizione, categorie_id, produttori_id, provenienze_id) values (9, 'Artichokes - Jerusalem', 48.96, 1.8, 91, 'Mauris enim leo, rhoncus sed, vestibulum sit amet, cursus id, turpis. Integer aliquet, massa id lobortis convallis, tortor risus dapibus augue, vel accumsan tellus nisi eu orci. Mauris lacinia sapien quis libero. Nullam sit amet turpis elementum ligula vehicula consequat. Morbi a ipsum. Integer a nibh. In quis justo. Maecenas rhoncus aliquam lacus. Morbi quis tortor id nulla ultrices aliquet. Maecenas leo odio, condimentum id, luctus nec, molestie sed, justo. Pellentesque viverra pede ac diam. Cras pellentesque volutpat dui. Maecenas tristique, est et tempus semper, est quam pharetra magna, ac consequat metus sapien ut nunc. Vestibulum ante ipsum primis in faucibus orci luctus et ultrices posuere cubilia Curae; Mauris viverra diam vitae quam. Suspendisse potenti. Nullam porttitor lacus at turpis. Donec posuere metus vitae ipsum. Aliquam non mauris.', 12, 19, 3);
insert into prodotti (id, nome, prezzo, dimensione, quantita_disponibile, descrizione, categorie_id, produttori_id, provenienze_id) values (10, 'Wine - Ice Wine', 212.73, 0.48, 17, 'In hac habitasse platea dictumst. Etiam faucibus cursus urna. Ut tellus. Nulla ut erat id mauris vulputate elementum. Nullam varius. Nulla facilisi. Cras non velit nec nisi vulputate nonummy. Maecenas tincidunt lacus at velit. Vivamus vel nulla eget eros elementum pellentesque. Quisque porta volutpat erat. Quisque erat eros, viverra eget, congue eget, semper rutrum, nulla. Nunc purus. Phasellus in felis. Donec semper sapien a libero. Nam dui. Proin leo odio, porttitor id, consequat in, consequat ut, nulla. Sed accumsan felis. Ut at dolor quis odio consequat varius. Integer ac leo. Pellentesque ultrices mattis odio.', 11, 4, 20);
insert into prodotti (id, nome, prezzo, dimensione, quantita_disponibile, descrizione, categorie_id, produttori_id, provenienze_id) values (11, 'External Supplier', 196.7, 1.3, 72, 'Cras in purus eu magna vulputate luctus. Cum sociis natoque penatibus et magnis dis parturient montes, nascetur ridiculus mus. Vivamus vestibulum sagittis sapien. Cum sociis natoque penatibus et magnis dis parturient montes, nascetur ridiculus mus. Etiam vel augue. Vestibulum rutrum rutrum neque. Aenean auctor gravida sem. Praesent id massa id nisl venenatis lacinia. Aenean sit amet justo. Morbi ut odio. Cras mi pede, malesuada in, imperdiet et, commodo vulputate, justo. In blandit ultrices enim. Lorem ipsum dolor sit amet, consectetuer adipiscing elit. Proin interdum mauris non ligula pellentesque ultrices. Phasellus id sapien in sapien iaculis congue. Vivamus metus arcu, adipiscing molestie, hendrerit at, vulputate vitae, nisl. Aenean lectus.', 10, 18, 11);
insert into prodotti (id, nome, prezzo, dimensione, quantita_disponibile, descrizione, categorie_id, produttori_id, provenienze_id) values (12, 'Glass - Wine, Plastic, Clear 5 Oz', 102.88, 1.18, 69, 'In sagittis dui vel nisl. Duis ac nibh. Fusce lacus purus, aliquet at, feugiat non, pretium quis, lectus. Suspendisse potenti. In eleifend quam a odio. In hac habitasse platea dictumst. Maecenas ut massa quis augue luctus tincidunt. Nulla mollis molestie lorem. Quisque ut erat. Curabitur gravida nisi at nibh. In hac habitasse platea dictumst. Aliquam augue quam, sollicitudin vitae, consectetuer eget, rutrum at, lorem. Integer tincidunt ante vel ipsum. Praesent blandit lacinia erat.', 5, 15, 12);
insert into prodotti (id, nome, prezzo, dimensione, quantita_disponibile, descrizione, categorie_id, produttori_id, provenienze_id) values (13, 'Pepper - White, Whole', 225.72, 0.53, 43, 'Suspendisse potenti. Nullam porttitor lacus at turpis. Donec posuere metus vitae ipsum. Aliquam non mauris. Morbi non lectus. Aliquam sit amet diam in magna bibendum imperdiet.', 3, 6, 3);
insert into prodotti (id, nome, prezzo, dimensione, quantita_disponibile, descrizione, categorie_id, produttori_id, provenienze_id) values (14, 'Grenadine', 171.56, 0.88, 11, 'Quisque erat eros, viverra eget, congue eget, semper rutrum, nulla. Nunc purus. Phasellus in felis. Donec semper sapien a libero. Nam dui. Proin leo odio, porttitor id, consequat in, consequat ut, nulla. Sed accumsan felis. Ut at dolor quis odio consequat varius. Integer ac leo. Pellentesque ultrices mattis odio. Donec vitae nisi. Nam ultrices, libero non mattis pulvinar, nulla pede ullamcorper augue, a suscipit nulla elit ac nulla. Sed vel enim sit amet nunc viverra dapibus. Nulla suscipit ligula in lacus. Curabitur at ipsum ac tellus semper interdum. Mauris ullamcorper purus sit amet nulla. Quisque arcu libero, rutrum ac, lobortis vel, dapibus at, diam.', 10, 18, 17);
insert into prodotti (id, nome, prezzo, dimensione, quantita_disponibile, descrizione, categorie_id, produttori_id, provenienze_id) values (15, 'Shallots', 29.21, 0.73, 99, 'Mauris sit amet eros. Suspendisse accumsan tortor quis turpis. Sed ante. Vivamus tortor. Duis mattis egestas metus. Aenean fermentum. Donec ut mauris eget massa tempor convallis. Nulla neque libero, convallis eget, eleifend luctus, ultricies eu, nibh. Quisque id justo sit amet sapien dignissim vestibulum. Vestibulum ante ipsum primis in faucibus orci luctus et ultrices posuere cubilia Curae; Nulla dapibus dolor vel est. Donec odio justo, sollicitudin ut, suscipit a, feugiat et, eros. Vestibulum ac est lacinia nisi venenatis tristique. Fusce congue, diam id ornare imperdiet, sapien urna pretium nisl, ut volutpat sapien arcu sed augue. Aliquam erat volutpat. In congue. Etiam justo. Etiam pretium iaculis justo. In hac habitasse platea dictumst. Etiam faucibus cursus urna. Ut tellus.', 2, 7, 15);
insert into prodotti (id, nome, prezzo, dimensione, quantita_disponibile, descrizione, categorie_id, produttori_id, provenienze_id) values (16, 'Octopus - Baby, Cleaned', 148.04, 0.97, 77, 'Quisque id justo sit amet sapien dignissim vestibulum. Vestibulum ante ipsum primis in faucibus orci luctus et ultrices posuere cubilia Curae; Nulla dapibus dolor vel est. Donec odio justo, sollicitudin ut, suscipit a, feugiat et, eros. Vestibulum ac est lacinia nisi venenatis tristique. Fusce congue, diam id ornare imperdiet, sapien urna pretium nisl, ut volutpat sapien arcu sed augue. Aliquam erat volutpat. In congue. Etiam justo. Etiam pretium iaculis justo. In hac habitasse platea dictumst. Etiam faucibus cursus urna. Ut tellus. Nulla ut erat id mauris vulputate elementum. Nullam varius.', 6, 9, 5);
insert into prodotti (id, nome, prezzo, dimensione, quantita_disponibile, descrizione, categorie_id, produttori_id, provenienze_id) values (17, 'Coffee - Egg Nog Capuccino', 78.44, 1.27, 67, 'Aliquam non mauris. Morbi non lectus. Aliquam sit amet diam in magna bibendum imperdiet. Nullam orci pede, venenatis non, sodales sed, tincidunt eu, felis. Fusce posuere felis sed lacus. Morbi sem mauris, laoreet ut, rhoncus aliquet, pulvinar sed, nisl. Nunc rhoncus dui vel sem. Sed sagittis. Nam congue, risus semper porta volutpat, quam pede lobortis ligula, sit amet eleifend pede libero quis orci. Nullam molestie nibh in lectus. Pellentesque at nulla. Suspendisse potenti. Cras in purus eu magna vulputate luctus. Cum sociis natoque penatibus et magnis dis parturient montes, nascetur ridiculus mus. Vivamus vestibulum sagittis sapien. Cum sociis natoque penatibus et magnis dis parturient montes, nascetur ridiculus mus. Etiam vel augue. Vestibulum rutrum rutrum neque.', 4, 19, 18);
insert into prodotti (id, nome, prezzo, dimensione, quantita_disponibile, descrizione, categorie_id, produttori_id, provenienze_id) values (18, 'Cheese - Parmesan Cubes', 166.88, 1.27, 28, 'Nam dui. Proin leo odio, porttitor id, consequat in, consequat ut, nulla. Sed accumsan felis. Ut at dolor quis odio consequat varius. Integer ac leo. Pellentesque ultrices mattis odio. Donec vitae nisi. Nam ultrices, libero non mattis pulvinar, nulla pede ullamcorper augue, a suscipit nulla elit ac nulla. Sed vel enim sit amet nunc viverra dapibus.', 11, 16, 5);
insert into prodotti (id, nome, prezzo, dimensione, quantita_disponibile, descrizione, categorie_id, produttori_id, provenienze_id) values (19, 'Island Oasis - Wildberry', 70.16, 0.21, 59, 'In est risus, auctor sed, tristique in, tempus sit amet, sem. Fusce consequat. Nulla nisl. Nunc nisl. Duis bibendum, felis sed interdum venenatis, turpis enim blandit mi, in porttitor pede justo eu massa. Donec dapibus. Duis at velit eu est congue elementum. In hac habitasse platea dictumst. Morbi vestibulum, velit id pretium iaculis, diam erat fermentum justo, nec condimentum neque sapien placerat ante. Nulla justo.', 7, 5, 16);
insert into prodotti (id, nome, prezzo, dimensione, quantita_disponibile, descrizione, categorie_id, produttori_id, provenienze_id) values (20, 'Wine - Touraine Azay - Le - Rideau', 35.68, 1.86, 92, 'Fusce posuere felis sed lacus. Morbi sem mauris, laoreet ut, rhoncus aliquet, pulvinar sed, nisl. Nunc rhoncus dui vel sem. Sed sagittis. Nam congue, risus semper porta volutpat, quam pede lobortis ligula, sit amet eleifend pede libero quis orci. Nullam molestie nibh in lectus. Pellentesque at nulla. Suspendisse potenti. Cras in purus eu magna vulputate luctus. Cum sociis natoque penatibus et magnis dis parturient montes, nascetur ridiculus mus. Vivamus vestibulum sagittis sapien. Cum sociis natoque penatibus et magnis dis parturient montes, nascetur ridiculus mus. Etiam vel augue. Vestibulum rutrum rutrum neque. Aenean auctor gravida sem.', 5, 9, 5);
insert into prodotti (id, nome, prezzo, dimensione, quantita_disponibile, descrizione, categorie_id, produttori_id, provenienze_id) values (21, 'Beef - Short Loin', 159.73, 1.71, 85, 'Phasellus sit amet erat. Nulla tempus. Vivamus in felis eu sapien cursus vestibulum. Proin eu mi. Nulla ac enim. In tempor, turpis nec euismod scelerisque, quam turpis adipiscing lorem, vitae mattis nibh ligula nec sem. Duis aliquam convallis nunc. Proin at turpis a pede posuere nonummy. Integer non velit. Donec diam neque, vestibulum eget, vulputate ut, ultrices vel, augue. Vestibulum ante ipsum primis in faucibus orci luctus et ultrices posuere cubilia Curae; Donec pharetra, magna vestibulum aliquet ultrices, erat tortor sollicitudin mi, sit amet lobortis sapien sapien non mi. Integer ac neque. Duis bibendum. Morbi non quam nec dui luctus rutrum.', 5, 8, 19);
insert into prodotti (id, nome, prezzo, dimensione, quantita_disponibile, descrizione, categorie_id, produttori_id, provenienze_id) values (22, 'Wine - Fontanafredda Barolo', 97.91, 1.49, 28, 'Praesent lectus. Vestibulum quam sapien, varius ut, blandit non, interdum in, ante. Vestibulum ante ipsum primis in faucibus orci luctus et ultrices posuere cubilia Curae; Duis faucibus accumsan odio. Curabitur convallis. Duis consequat dui nec nisi volutpat eleifend. Donec ut dolor. Morbi vel lectus in quam fringilla rhoncus. Mauris enim leo, rhoncus sed, vestibulum sit amet, cursus id, turpis. Integer aliquet, massa id lobortis convallis, tortor risus dapibus augue, vel accumsan tellus nisi eu orci.', 13, 18, 17);
insert into prodotti (id, nome, prezzo, dimensione, quantita_disponibile, descrizione, categorie_id, produttori_id, provenienze_id) values (23, 'Nantucket Pine Orangebanana', 214.85, 1.07, 8, 'Aliquam quis turpis eget elit sodales scelerisque. Mauris sit amet eros. Suspendisse accumsan tortor quis turpis. Sed ante. Vivamus tortor. Duis mattis egestas metus. Aenean fermentum. Donec ut mauris eget massa tempor convallis. Nulla neque libero, convallis eget, eleifend luctus, ultricies eu, nibh. Quisque id justo sit amet sapien dignissim vestibulum. Vestibulum ante ipsum primis in faucibus orci luctus et ultrices posuere cubilia Curae; Nulla dapibus dolor vel est. Donec odio justo, sollicitudin ut, suscipit a, feugiat et, eros. Vestibulum ac est lacinia nisi venenatis tristique. Fusce congue, diam id ornare imperdiet, sapien urna pretium nisl, ut volutpat sapien arcu sed augue. Aliquam erat volutpat. In congue. Etiam justo. Etiam pretium iaculis justo. In hac habitasse platea dictumst.', 6, 8, 16);
insert into prodotti (id, nome, prezzo, dimensione, quantita_disponibile, descrizione, categorie_id, produttori_id, provenienze_id) values (24, 'Beans - Navy, Dry', 99.25, 1.8, 77, 'Nulla ac enim. In tempor, turpis nec euismod scelerisque, quam turpis adipiscing lorem, vitae mattis nibh ligula nec sem. Duis aliquam convallis nunc. Proin at turpis a pede posuere nonummy. Integer non velit. Donec diam neque, vestibulum eget, vulputate ut, ultrices vel, augue. Vestibulum ante ipsum primis in faucibus orci luctus et ultrices posuere cubilia Curae; Donec pharetra, magna vestibulum aliquet ultrices, erat tortor sollicitudin mi, sit amet lobortis sapien sapien non mi. Integer ac neque. Duis bibendum. Morbi non quam nec dui luctus rutrum. Nulla tellus. In sagittis dui vel nisl. Duis ac nibh. Fusce lacus purus, aliquet at, feugiat non, pretium quis, lectus. Suspendisse potenti. In eleifend quam a odio.', 8, 14, 18);
insert into prodotti (id, nome, prezzo, dimensione, quantita_disponibile, descrizione, categorie_id, produttori_id, provenienze_id) values (25, 'Tea - Black Currant', 226.04, 1.97, 81, 'Donec posuere metus vitae ipsum. Aliquam non mauris. Morbi non lectus. Aliquam sit amet diam in magna bibendum imperdiet. Nullam orci pede, venenatis non, sodales sed, tincidunt eu, felis. Fusce posuere felis sed lacus. Morbi sem mauris, laoreet ut, rhoncus aliquet, pulvinar sed, nisl. Nunc rhoncus dui vel sem. Sed sagittis. Nam congue, risus semper porta volutpat, quam pede lobortis ligula, sit amet eleifend pede libero quis orci. Nullam molestie nibh in lectus. Pellentesque at nulla. Suspendisse potenti. Cras in purus eu magna vulputate luctus. Cum sociis natoque penatibus et magnis dis parturient montes, nascetur ridiculus mus. Vivamus vestibulum sagittis sapien. Cum sociis natoque penatibus et magnis dis parturient montes, nascetur ridiculus mus. Etiam vel augue.', 9, 10, 11);
insert into prodotti (id, nome, prezzo, dimensione, quantita_disponibile, descrizione, categorie_id, produttori_id, provenienze_id) values (26, 'Yeast Dry - Fleischman', 205.13, 1.07, 56, 'Vestibulum ante ipsum primis in faucibus orci luctus et ultrices posuere cubilia Curae; Nulla dapibus dolor vel est. Donec odio justo, sollicitudin ut, suscipit a, feugiat et, eros. Vestibulum ac est lacinia nisi venenatis tristique. Fusce congue, diam id ornare imperdiet, sapien urna pretium nisl, ut volutpat sapien arcu sed augue. Aliquam erat volutpat. In congue. Etiam justo.', 14, 10, 2);
insert into prodotti (id, nome, prezzo, dimensione, quantita_disponibile, descrizione, categorie_id, produttori_id, provenienze_id) values (27, 'Extract Vanilla Pure', 128.54, 1.94, 11, 'Duis at velit eu est congue elementum. In hac habitasse platea dictumst. Morbi vestibulum, velit id pretium iaculis, diam erat fermentum justo, nec condimentum neque sapien placerat ante. Nulla justo. Aliquam quis turpis eget elit sodales scelerisque. Mauris sit amet eros. Suspendisse accumsan tortor quis turpis. Sed ante. Vivamus tortor. Duis mattis egestas metus. Aenean fermentum. Donec ut mauris eget massa tempor convallis. Nulla neque libero, convallis eget, eleifend luctus, ultricies eu, nibh. Quisque id justo sit amet sapien dignissim vestibulum. Vestibulum ante ipsum primis in faucibus orci luctus et ultrices posuere cubilia Curae; Nulla dapibus dolor vel est. Donec odio justo, sollicitudin ut, suscipit a, feugiat et, eros.', 3, 15, 5);
insert into prodotti (id, nome, prezzo, dimensione, quantita_disponibile, descrizione, categorie_id, produttori_id, provenienze_id) values (28, 'Pepper - Green', 244.66, 1.4, 67, 'Phasellus sit amet erat. Nulla tempus. Vivamus in felis eu sapien cursus vestibulum. Proin eu mi. Nulla ac enim. In tempor, turpis nec euismod scelerisque, quam turpis adipiscing lorem, vitae mattis nibh ligula nec sem. Duis aliquam convallis nunc. Proin at turpis a pede posuere nonummy. Integer non velit. Donec diam neque, vestibulum eget, vulputate ut, ultrices vel, augue. Vestibulum ante ipsum primis in faucibus orci luctus et ultrices posuere cubilia Curae; Donec pharetra, magna vestibulum aliquet ultrices, erat tortor sollicitudin mi, sit amet lobortis sapien sapien non mi. Integer ac neque. Duis bibendum. Morbi non quam nec dui luctus rutrum. Nulla tellus. In sagittis dui vel nisl.', 7, 17, 14);
insert into prodotti (id, nome, prezzo, dimensione, quantita_disponibile, descrizione, categorie_id, produttori_id, provenienze_id) values (29, 'Lentils - Green, Dry', 209.29, 0.72, 2, 'Integer ac neque. Duis bibendum. Morbi non quam nec dui luctus rutrum. Nulla tellus. In sagittis dui vel nisl.', 1, 20, 3);
insert into prodotti (id, nome, prezzo, dimensione, quantita_disponibile, descrizione, categorie_id, produttori_id, provenienze_id) values (30, 'Veal - Sweetbread', 75.51, 1.56, 34, 'Cras pellentesque volutpat dui. Maecenas tristique, est et tempus semper, est quam pharetra magna, ac consequat metus sapien ut nunc. Vestibulum ante ipsum primis in faucibus orci luctus et ultrices posuere cubilia Curae; Mauris viverra diam vitae quam. Suspendisse potenti. Nullam porttitor lacus at turpis. Donec posuere metus vitae ipsum. Aliquam non mauris. Morbi non lectus. Aliquam sit amet diam in magna bibendum imperdiet.', 2, 15, 9);
insert into prodotti (id, nome, prezzo, dimensione, quantita_disponibile, descrizione, categorie_id, produttori_id, provenienze_id) values (31, 'Tia Maria', 129.71, 0.54, 34, 'Nulla mollis molestie lorem. Quisque ut erat. Curabitur gravida nisi at nibh. In hac habitasse platea dictumst. Aliquam augue quam, sollicitudin vitae, consectetuer eget, rutrum at, lorem. Integer tincidunt ante vel ipsum. Praesent blandit lacinia erat. Vestibulum sed magna at nunc commodo placerat. Praesent blandit.', 2, 20, 10);
insert into prodotti (id, nome, prezzo, dimensione, quantita_disponibile, descrizione, categorie_id, produttori_id, provenienze_id) values (32, 'Wine - Rosso Toscano Igt', 260.61, 1.59, 87, 'Donec ut mauris eget massa tempor convallis. Nulla neque libero, convallis eget, eleifend luctus, ultricies eu, nibh. Quisque id justo sit amet sapien dignissim vestibulum. Vestibulum ante ipsum primis in faucibus orci luctus et ultrices posuere cubilia Curae; Nulla dapibus dolor vel est. Donec odio justo, sollicitudin ut, suscipit a, feugiat et, eros. Vestibulum ac est lacinia nisi venenatis tristique. Fusce congue, diam id ornare imperdiet, sapien urna pretium nisl, ut volutpat sapien arcu sed augue. Aliquam erat volutpat. In congue. Etiam justo. Etiam pretium iaculis justo. In hac habitasse platea dictumst. Etiam faucibus cursus urna. Ut tellus.', 1, 17, 6);
insert into prodotti (id, nome, prezzo, dimensione, quantita_disponibile, descrizione, categorie_id, produttori_id, provenienze_id) values (33, 'Beef - Kobe Striploin', 63.75, 0.92, 27, 'Suspendisse potenti. In eleifend quam a odio. In hac habitasse platea dictumst. Maecenas ut massa quis augue luctus tincidunt. Nulla mollis molestie lorem. Quisque ut erat. Curabitur gravida nisi at nibh. In hac habitasse platea dictumst. Aliquam augue quam, sollicitudin vitae, consectetuer eget, rutrum at, lorem. Integer tincidunt ante vel ipsum. Praesent blandit lacinia erat. Vestibulum sed magna at nunc commodo placerat. Praesent blandit. Nam nulla. Integer pede justo, lacinia eget, tincidunt eget, tempus vel, pede.', 14, 10, 20);
insert into prodotti (id, nome, prezzo, dimensione, quantita_disponibile, descrizione, categorie_id, produttori_id, provenienze_id) values (34, 'Longos - Cheese Tortellini', 17.24, 1.67, 20, 'Vivamus vel nulla eget eros elementum pellentesque. Quisque porta volutpat erat. Quisque erat eros, viverra eget, congue eget, semper rutrum, nulla. Nunc purus. Phasellus in felis. Donec semper sapien a libero. Nam dui. Proin leo odio, porttitor id, consequat in, consequat ut, nulla. Sed accumsan felis. Ut at dolor quis odio consequat varius. Integer ac leo. Pellentesque ultrices mattis odio. Donec vitae nisi. Nam ultrices, libero non mattis pulvinar, nulla pede ullamcorper augue, a suscipit nulla elit ac nulla. Sed vel enim sit amet nunc viverra dapibus. Nulla suscipit ligula in lacus. Curabitur at ipsum ac tellus semper interdum. Mauris ullamcorper purus sit amet nulla. Quisque arcu libero, rutrum ac, lobortis vel, dapibus at, diam. Nam tristique tortor eu pede.', 12, 7, 16);
insert into prodotti (id, nome, prezzo, dimensione, quantita_disponibile, descrizione, categorie_id, produttori_id, provenienze_id) values (35, 'Water - Aquafina Vitamin', 187.24, 0.76, 15, 'Integer pede justo, lacinia eget, tincidunt eget, tempus vel, pede. Morbi porttitor lorem id ligula. Suspendisse ornare consequat lectus. In est risus, auctor sed, tristique in, tempus sit amet, sem. Fusce consequat. Nulla nisl. Nunc nisl. Duis bibendum, felis sed interdum venenatis, turpis enim blandit mi, in porttitor pede justo eu massa. Donec dapibus. Duis at velit eu est congue elementum. In hac habitasse platea dictumst. Morbi vestibulum, velit id pretium iaculis, diam erat fermentum justo, nec condimentum neque sapien placerat ante. Nulla justo. Aliquam quis turpis eget elit sodales scelerisque. Mauris sit amet eros. Suspendisse accumsan tortor quis turpis. Sed ante. Vivamus tortor.', 14, 16, 14);
insert into prodotti (id, nome, prezzo, dimensione, quantita_disponibile, descrizione, categorie_id, produttori_id, provenienze_id) values (36, 'Cranberries - Frozen', 240.54, 0.13, 47, 'Nunc nisl. Duis bibendum, felis sed interdum venenatis, turpis enim blandit mi, in porttitor pede justo eu massa. Donec dapibus. Duis at velit eu est congue elementum. In hac habitasse platea dictumst. Morbi vestibulum, velit id pretium iaculis, diam erat fermentum justo, nec condimentum neque sapien placerat ante. Nulla justo. Aliquam quis turpis eget elit sodales scelerisque. Mauris sit amet eros. Suspendisse accumsan tortor quis turpis. Sed ante.', 14, 14, 5);
insert into prodotti (id, nome, prezzo, dimensione, quantita_disponibile, descrizione, categorie_id, produttori_id, provenienze_id) values (37, 'Wine - Coteaux Du Tricastin Ac', 12.14, 1.79, 87, 'Morbi porttitor lorem id ligula. Suspendisse ornare consequat lectus. In est risus, auctor sed, tristique in, tempus sit amet, sem. Fusce consequat. Nulla nisl. Nunc nisl. Duis bibendum, felis sed interdum venenatis, turpis enim blandit mi, in porttitor pede justo eu massa. Donec dapibus. Duis at velit eu est congue elementum. In hac habitasse platea dictumst.', 3, 6, 3);
insert into prodotti (id, nome, prezzo, dimensione, quantita_disponibile, descrizione, categorie_id, produttori_id, provenienze_id) values (38, 'Wine - Rhine Riesling Wolf Blass', 5.93, 0.42, 49, 'Donec ut mauris eget massa tempor convallis. Nulla neque libero, convallis eget, eleifend luctus, ultricies eu, nibh. Quisque id justo sit amet sapien dignissim vestibulum. Vestibulum ante ipsum primis in faucibus orci luctus et ultrices posuere cubilia Curae; Nulla dapibus dolor vel est. Donec odio justo, sollicitudin ut, suscipit a, feugiat et, eros. Vestibulum ac est lacinia nisi venenatis tristique. Fusce congue, diam id ornare imperdiet, sapien urna pretium nisl, ut volutpat sapien arcu sed augue. Aliquam erat volutpat. In congue. Etiam justo.', 2, 3, 9);
insert into prodotti (id, nome, prezzo, dimensione, quantita_disponibile, descrizione, categorie_id, produttori_id, provenienze_id) values (39, 'Container - Clear 16 Oz', 150.16, 0.86, 96, 'Integer pede justo, lacinia eget, tincidunt eget, tempus vel, pede. Morbi porttitor lorem id ligula. Suspendisse ornare consequat lectus. In est risus, auctor sed, tristique in, tempus sit amet, sem. Fusce consequat. Nulla nisl. Nunc nisl. Duis bibendum, felis sed interdum venenatis, turpis enim blandit mi, in porttitor pede justo eu massa. Donec dapibus.', 14, 2, 5);
insert into prodotti (id, nome, prezzo, dimensione, quantita_disponibile, descrizione, categorie_id, produttori_id, provenienze_id) values (40, 'Cattail Hearts', 201.12, 0.9, 17, 'Donec ut dolor. Morbi vel lectus in quam fringilla rhoncus. Mauris enim leo, rhoncus sed, vestibulum sit amet, cursus id, turpis. Integer aliquet, massa id lobortis convallis, tortor risus dapibus augue, vel accumsan tellus nisi eu orci. Mauris lacinia sapien quis libero. Nullam sit amet turpis elementum ligula vehicula consequat. Morbi a ipsum. Integer a nibh. In quis justo. Maecenas rhoncus aliquam lacus. Morbi quis tortor id nulla ultrices aliquet.', 13, 5, 10);
insert into prodotti (id, nome, prezzo, dimensione, quantita_disponibile, descrizione, categorie_id, produttori_id, provenienze_id) values (41, 'Blouse / Shirt / Sweater', 20.47, 0.95, 55, 'Curabitur in libero ut massa volutpat convallis. Morbi odio odio, elementum eu, interdum eu, tincidunt in, leo. Maecenas pulvinar lobortis est. Phasellus sit amet erat. Nulla tempus. Vivamus in felis eu sapien cursus vestibulum. Proin eu mi. Nulla ac enim. In tempor, turpis nec euismod scelerisque, quam turpis adipiscing lorem, vitae mattis nibh ligula nec sem. Duis aliquam convallis nunc. Proin at turpis a pede posuere nonummy. Integer non velit. Donec diam neque, vestibulum eget, vulputate ut, ultrices vel, augue. Vestibulum ante ipsum primis in faucibus orci luctus et ultrices posuere cubilia Curae; Donec pharetra, magna vestibulum aliquet ultrices, erat tortor sollicitudin mi, sit amet lobortis sapien sapien non mi. Integer ac neque. Duis bibendum. Morbi non quam nec dui luctus rutrum. Nulla tellus.', 11, 11, 14);
insert into prodotti (id, nome, prezzo, dimensione, quantita_disponibile, descrizione, categorie_id, produttori_id, provenienze_id) values (42, 'Goulash Seasoning', 229.28, 1.08, 60, 'Aenean auctor gravida sem. Praesent id massa id nisl venenatis lacinia. Aenean sit amet justo. Morbi ut odio. Cras mi pede, malesuada in, imperdiet et, commodo vulputate, justo. In blandit ultrices enim. Lorem ipsum dolor sit amet, consectetuer adipiscing elit. Proin interdum mauris non ligula pellentesque ultrices. Phasellus id sapien in sapien iaculis congue. Vivamus metus arcu, adipiscing molestie, hendrerit at, vulputate vitae, nisl. Aenean lectus. Pellentesque eget nunc.', 12, 18, 11);
insert into prodotti (id, nome, prezzo, dimensione, quantita_disponibile, descrizione, categorie_id, produttori_id, provenienze_id) values (43, 'Chick Peas - Dried', 8.96, 0.11, 28, 'Proin at turpis a pede posuere nonummy. Integer non velit. Donec diam neque, vestibulum eget, vulputate ut, ultrices vel, augue. Vestibulum ante ipsum primis in faucibus orci luctus et ultrices posuere cubilia Curae; Donec pharetra, magna vestibulum aliquet ultrices, erat tortor sollicitudin mi, sit amet lobortis sapien sapien non mi. Integer ac neque. Duis bibendum. Morbi non quam nec dui luctus rutrum. Nulla tellus. In sagittis dui vel nisl. Duis ac nibh. Fusce lacus purus, aliquet at, feugiat non, pretium quis, lectus. Suspendisse potenti. In eleifend quam a odio. In hac habitasse platea dictumst. Maecenas ut massa quis augue luctus tincidunt. Nulla mollis molestie lorem. Quisque ut erat. Curabitur gravida nisi at nibh. In hac habitasse platea dictumst. Aliquam augue quam, sollicitudin vitae, consectetuer eget, rutrum at, lorem.', 14, 19, 8);
insert into prodotti (id, nome, prezzo, dimensione, quantita_disponibile, descrizione, categorie_id, produttori_id, provenienze_id) values (44, 'Appetiser - Bought', 129.22, 0.95, 72, 'Cras in purus eu magna vulputate luctus. Cum sociis natoque penatibus et magnis dis parturient montes, nascetur ridiculus mus. Vivamus vestibulum sagittis sapien. Cum sociis natoque penatibus et magnis dis parturient montes, nascetur ridiculus mus. Etiam vel augue. Vestibulum rutrum rutrum neque. Aenean auctor gravida sem. Praesent id massa id nisl venenatis lacinia. Aenean sit amet justo. Morbi ut odio. Cras mi pede, malesuada in, imperdiet et, commodo vulputate, justo. In blandit ultrices enim. Lorem ipsum dolor sit amet, consectetuer adipiscing elit. Proin interdum mauris non ligula pellentesque ultrices. Phasellus id sapien in sapien iaculis congue. Vivamus metus arcu, adipiscing molestie, hendrerit at, vulputate vitae, nisl. Aenean lectus. Pellentesque eget nunc. Donec quis orci eget orci vehicula condimentum. Curabitur in libero ut massa volutpat convallis.', 11, 12, 18);
insert into prodotti (id, nome, prezzo, dimensione, quantita_disponibile, descrizione, categorie_id, produttori_id, provenienze_id) values (45, 'Chocolate - Milk, Callets', 228.78, 1.48, 63, 'Cras in purus eu magna vulputate luctus. Cum sociis natoque penatibus et magnis dis parturient montes, nascetur ridiculus mus. Vivamus vestibulum sagittis sapien. Cum sociis natoque penatibus et magnis dis parturient montes, nascetur ridiculus mus. Etiam vel augue. Vestibulum rutrum rutrum neque. Aenean auctor gravida sem. Praesent id massa id nisl venenatis lacinia. Aenean sit amet justo. Morbi ut odio. Cras mi pede, malesuada in, imperdiet et, commodo vulputate, justo. In blandit ultrices enim. Lorem ipsum dolor sit amet, consectetuer adipiscing elit.', 12, 3, 4);
insert into prodotti (id, nome, prezzo, dimensione, quantita_disponibile, descrizione, categorie_id, produttori_id, provenienze_id) values (46, 'Noodles - Cellophane, Thin', 185.77, 1.26, 24, 'Etiam pretium iaculis justo. In hac habitasse platea dictumst. Etiam faucibus cursus urna. Ut tellus. Nulla ut erat id mauris vulputate elementum. Nullam varius. Nulla facilisi. Cras non velit nec nisi vulputate nonummy. Maecenas tincidunt lacus at velit. Vivamus vel nulla eget eros elementum pellentesque. Quisque porta volutpat erat. Quisque erat eros, viverra eget, congue eget, semper rutrum, nulla. Nunc purus. Phasellus in felis. Donec semper sapien a libero. Nam dui. Proin leo odio, porttitor id, consequat in, consequat ut, nulla. Sed accumsan felis.', 9, 13, 15);
insert into prodotti (id, nome, prezzo, dimensione, quantita_disponibile, descrizione, categorie_id, produttori_id, provenienze_id) values (47, 'Bread - Italian Sesame Poly', 290.56, 0.33, 47, 'Nullam molestie nibh in lectus. Pellentesque at nulla. Suspendisse potenti. Cras in purus eu magna vulputate luctus. Cum sociis natoque penatibus et magnis dis parturient montes, nascetur ridiculus mus. Vivamus vestibulum sagittis sapien. Cum sociis natoque penatibus et magnis dis parturient montes, nascetur ridiculus mus. Etiam vel augue. Vestibulum rutrum rutrum neque. Aenean auctor gravida sem. Praesent id massa id nisl venenatis lacinia. Aenean sit amet justo. Morbi ut odio. Cras mi pede, malesuada in, imperdiet et, commodo vulputate, justo. In blandit ultrices enim. Lorem ipsum dolor sit amet, consectetuer adipiscing elit. Proin interdum mauris non ligula pellentesque ultrices. Phasellus id sapien in sapien iaculis congue.', 10, 7, 20);
insert into prodotti (id, nome, prezzo, dimensione, quantita_disponibile, descrizione, categorie_id, produttori_id, provenienze_id) values (48, 'Table Cloth 62x114 White', 25.95, 0.5, 7, 'In hac habitasse platea dictumst. Morbi vestibulum, velit id pretium iaculis, diam erat fermentum justo, nec condimentum neque sapien placerat ante. Nulla justo. Aliquam quis turpis eget elit sodales scelerisque. Mauris sit amet eros. Suspendisse accumsan tortor quis turpis.', 6, 3, 12);
insert into prodotti (id, nome, prezzo, dimensione, quantita_disponibile, descrizione, categorie_id, produttori_id, provenienze_id) values (49, 'Brandy Cherry - Mcguinness', 222.62, 0.18, 39, 'Duis bibendum. Morbi non quam nec dui luctus rutrum. Nulla tellus. In sagittis dui vel nisl. Duis ac nibh. Fusce lacus purus, aliquet at, feugiat non, pretium quis, lectus. Suspendisse potenti. In eleifend quam a odio. In hac habitasse platea dictumst. Maecenas ut massa quis augue luctus tincidunt. Nulla mollis molestie lorem. Quisque ut erat. Curabitur gravida nisi at nibh. In hac habitasse platea dictumst. Aliquam augue quam, sollicitudin vitae, consectetuer eget, rutrum at, lorem. Integer tincidunt ante vel ipsum. Praesent blandit lacinia erat.', 12, 8, 10);
insert into prodotti (id, nome, prezzo, dimensione, quantita_disponibile, descrizione, categorie_id, produttori_id, provenienze_id) values (50, 'Radish - Black, Winter, Organic', 271.23, 1.62, 57, 'Maecenas tincidunt lacus at velit. Vivamus vel nulla eget eros elementum pellentesque. Quisque porta volutpat erat. Quisque erat eros, viverra eget, congue eget, semper rutrum, nulla. Nunc purus. Phasellus in felis. Donec semper sapien a libero. Nam dui. Proin leo odio, porttitor id, consequat in, consequat ut, nulla. Sed accumsan felis. Ut at dolor quis odio consequat varius.', 3, 11, 20);

insert into offerte (id, percentuale, data_inizio, data_fine, prodotti_id) values (NULL, 10, '2022-01-01', '2022-12-31', 1);
insert into offerte (id, percentuale, data_inizio, data_fine, prodotti_id) values (NULL, 20, '2022-01-01', '2022-12-31', 2);
insert into offerte (id, percentuale, data_inizio, data_fine, prodotti_id) values (NULL, 35, '2022-01-01', '2022-12-31', 3);
insert into offerte (id, percentuale, data_inizio, data_fine, prodotti_id) values (NULL, 30, '2022-01-01', '2022-12-31', 4);

insert into recensioni (id, voto, commento, prodotti_id, users_id) values (NULL, 5, 'Lorem ipsum', 1, 1);
insert into recensioni (id, voto, commento, prodotti_id, users_id) values (NULL, 4, 'Lorem ipsum', 1, 2);
insert into recensioni (id, voto, commento, prodotti_id, users_id) values (NULL, 4, 'Lorem ipsum', 2, 1);
insert into recensioni (id, voto, commento, prodotti_id, users_id) values (NULL, 3, 'Lorem ipsum', 3, 1);
insert into recensioni (id, voto, commento, prodotti_id, users_id) values (NULL, 5, 'Lorem ipsum', 4, 1);
insert into recensioni (id, voto, commento, prodotti_id, users_id) values (NULL, 5, 'Lorem ipsum', 5, 1);

insert into cart (users_id, products_id, quantity) values (2, 1, 1);
insert into cart (users_id, products_id, quantity) values (2, 2, 2);
insert into cart (users_id, products_id, quantity) values (2, 3, 3);

insert into indirizzi (id, indirizzo, citta, cap, provincia, nazione, users_id) values (NULL, 'Via delle Fontane', 'Milano', '20100', 'MI', 'IT', 2);

insert into users_has_prodotti_preferiti (users_id, prodotti_id) VALUES (1,1);
insert into users_has_prodotti_preferiti (users_id, prodotti_id) VALUES (1,2);
insert into users_has_prodotti_preferiti (users_id, prodotti_id) VALUES (1,3);
insert into users_has_prodotti_preferiti (users_id, prodotti_id) VALUES (1,4);
insert into users_has_prodotti_preferiti (users_id, prodotti_id) VALUES (1,5);
insert into users_has_prodotti_preferiti (users_id, prodotti_id) VALUES (1,6);
insert into users_has_prodotti_preferiti (users_id, prodotti_id) VALUES (1,7);
insert into users_has_prodotti_preferiti (users_id, prodotti_id) VALUES (1,8);